Years of experience,Average
0 - 3.0,57875.35832004253
3.0 - 7.0,103245.5902980713
7.0 - 12.0,140049.08949658173
12.0 - 50.0,175224.15374241403
