Years of experience,Gini Index
0 - 3.0,0.0816767559219278
3.0 - 7.0,0.048422912023164066
7.0 - 12.0,0.030163716551742104
12.0 - 50.0,0.03487358475253877
