League,Gini Index
Serie_A,0.4719820639973764
Premier_League,0.4402354733552154
Bundesliga,0.40233025936835554
Ligue_1,0.4097373385575389
