Education level,Average
1,95082.90863952333
2,130078.38482238966
3,165651.4579985391
