Education level,Gini Index
1,0.25650188790374306
2,0.17841135704639743
3,0.1098071543682444
